Title,Date
Terra community passes proposal to revive LUNA cryptocurrency following stablecoin-led implosion,"2:17 AM GMT+7•May 26, 2022"
Google Photos starts rolling out new Real Tone filters,"2:16 AM GMT+7•May 26, 2022"
Jack Dorsey steps down from Twitter’s board,"1:18 AM GMT+7•May 26, 2022"
"Spy agency pumps billions into orbital imagery companies BlackSky, Maxar and Planet","1:17 AM GMT+7•May 26, 2022"
Maryland becomes the second state to offer driver’s license and state ID in Apple Wallet,"1:03 AM GMT+7•May 26, 2022"
"Synthesis Capital closed its first fund with $300M, giving boost to food tech’s future","1:02 AM GMT+7•May 26, 2022"
This remote-controlled robot crab can sit on the side of a penny,"1:00 AM GMT+7•May 26, 2022"
Can recurring revenue financing drive growth in a turbulent market?,"12:48 AM GMT+7•May 26, 2022"
Brainly says it’s been blocked in Russia after refusing to remove community content about the war in Ukraine,"12:41 AM GMT+7•May 26, 2022"
"Despite regulatory hurdles, these 4 US cannabis investors are planting seeds for tomorrow","12:30 AM GMT+7•May 26, 2022"
4 investors discuss the US cannabis market’s prospects in Q3 2022,"12:30 AM GMT+7•May 26, 2022"
Amazon flexes its retail muscle with a brick-and-mortar clothing store,"11:43 PM GMT+7•May 25, 2022"
"The NFL is looking to launch its own streaming service this summer, says report","11:12 PM GMT+7•May 25, 2022"
Google begins rolling out ads in YouTube Shorts globally,"11:07 PM GMT+7•May 25, 2022"
"Chemonics, Decisive Capital and Extreme Tech Challenge will talk transformative tech at TC Sessions: Climate","10:38 PM GMT+7•May 25, 2022"
Namibian B2B e-commerce retail platform JABU raises $15M led by Tiger Global,"10:31 PM GMT+7•May 25, 2022"
"Money, meet mouth","10:30 PM GMT+7•May 25, 2022"
Polygon launches ‘uncapped’ fund to help Terra projects migrate to its blockchain,"10:00 PM GMT+7•May 25, 2022"
"Getir, the $12B instant delivery startup, plans to axe 14% of staff globally and cut aggressive expansion plans","10:00 PM GMT+7•May 25, 2022"
Gen Z social app Yubo rolls out age ‘estimating’ technology to better identify minors using its service,"9:58 PM GMT+7•May 25, 2022"
